"Task Name,Description,Status,Phase,Priority,Percent Complete,Dependencies"
"Curriculum Builder,Build the curriculum generation module,In Progress,Phase 1 — Core Product,High,70%,"
"Weekly Content Pack,Build weekly content pack generator,In Progress,Phase 1 — Core Product,High,60%,"
"Navigation Structure,Define platform navigation,Completed,Phase 1 — Core Product,Medium,100%,"
"Dashboard,Build dashboard mockup,Completed,Phase 1 — Core Product,Medium,100%,"
"MVP Integration,Integrate all MVP modules,In Progress,Phase 1 — Core Product,Critical,80%,"
"Admin Controls,Build admin tools,Completed,Phase 1 — Core Product,Medium,100%,"
"Onboarding Flow,Build onboarding flow,Completed,Phase 1 — Core Product,Medium,100%,"
"Content Delivery System,Build content delivery system,Completed,Phase 1 — Core Product,Medium,100%,"
"Workflow Test,Test full workflow end-to-end,In Progress,Phase 1 — Core Product,High,70%,"

"Worship JSON Richness,Improve worship JSON richness,In Progress,Phase 2 — Worship System,Critical,60%,"
"Worship Flow Content,Improve flow item content,In Progress,Phase 2 — Worship System,High,50%,"
"Worship Transitions,Improve transitions,In Progress,Phase 2 — Worship System,Medium,40%,"
"Copy/Export Consistency,Fix copy/export formatting,In Progress,Phase 2 — Worship System,High,50%,"
"Assignment System,Assignment fields for worship flow,Completed,Phase 2 — Worship System,Medium,100%,"
"Team Directory,Build team member directory,Not Started,Phase 2 — Worship System,High,0%,"
"Assignment Saving,Save assignments to Supabase,Not Started,Phase 2 — Worship System,Critical,0%,"
"Assignment Reuse,Reuse assignments week-to-week,Not Started,Phase 2 — Worship System,Medium,0%,"
"Auto-Suggestions,Auto-suggest assignments,Not Started,Phase 2 — Worship System,Medium,0%,"

"Flow Editor,Drag-and-drop worship flow editor,Not Started,Phase 3 — Flow Editor,Critical,0%,"
"Add/Remove Flow Items,Ability to add/remove flow items,Not Started,Phase 3 — Flow Editor,High,0%,"
"Template System,Save reusable worship templates,Not Started,Phase 3 — Flow Editor,Medium,0%,"
"Multi-Week Calendar,Multi-week worship planning calendar,Not Started,Phase 3 — Flow Editor,Medium,0%,"

"PDF Export,Generate PDF export for worship plans,Not Started,Phase 4 — Export Tools,High,0%,"
"Email Export,Email export for worship plans,Not Started,Phase 4 — Export Tools,Medium,0%,"
"Planning Center Export,Export worship flow to Planning Center,Not Started,Phase 4 — Export Tools,Critical,0%,"
"Print Layout,Print-optimized worship plan layout,Not Started,Phase 4 — Export Tools,Medium,0%,"
"Landing Page,Build landing page,Completed,Phase 4 — Export Tools,Medium,100%,"
"Promo Video Script,Write promo video script,Completed,Phase 4 — Export Tools,Medium,100%,"
"Email Campaign,Build email campaign,Completed,Phase 4 — Export Tools,Medium,100%,"
"Outreach Plan,Build outreach plan,Completed,Phase 4 — Export Tools,Medium,100%,"
"Pricing Model,Define pricing tiers,Completed,Phase 4 — Export Tools,Medium,100%,"

"Saved Plans List,Build saved plans dashboard,Not Started,Phase 5 — Dashboard,High,0%,"
"Search & Filter,Add search and filtering,Not Started,Phase 5 — Dashboard,Medium,0%,"
"Multi-User Support,Add multi-user support,Not Started,Phase 5 — Dashboard,Critical,0%,"
"Role-Based Permissions,Add role-based permissions,Not Started,Phase 5 — Dashboard,High,0%,"

"Brand Identity,Define brand identity and assets,Completed,Phase 6 — Launch Prep,Medium,100%,"
"Launch Checklist,Prepare for launch,Not Started,Phase 6 — Launch Prep,Critical,0%,"
"Theology Review,Set quarterly theology review,Completed,Phase 6 — Launch Prep,Medium,100%,"
"Content Refresh,Set quarterly content refresh,Completed,Phase 6 — Launch Prep,Medium,100%,"
"Innovation Guardrails,Define innovation boundaries,Completed,Phase 6 — Launch Prep,Medium,100%,"
"Feedback Loop,Create feedback system,Completed,Phase 6 — Launch Prep,Medium,100%,"
"Roadmap Updates,Create roadmap update cycle,Completed,Phase 6 — Launch Prep,Medium,100%,"